artists,name,genres
Jeff Wahl,It Came Upon a Midnight Clear,Unknown
Marco Antonio Solís,Tu Hombre Perfecto,marcoantonio solis
Rob Thomas,Someday,"pop, rock, male vocalists, alternative rock, 2009"
Oflow,Brick Afta Brick,Unknown
Too $hort,Just Another Day,"Hip-Hop, Gangsta Rap, rap, 90s, G-funk"
Mary J. Blige,Work That,"rnb, female vocalists, soul, mary j blige, hip hop soul"
Parokya Ni Edgar,Silvertoes,"Pinoy band, Parokya ni Edgar, favourite pinoy music"
Jennifer Love Hewitt,No Ordinary Love,"female vocalists, pop, Ballad, Love it, pop-fave face"
Guilherme Arantes,Cheia de Charme,"dance, California, Disco, 80s, album rock"
Backstreet Boys,I'll Never Break Your Heart,"pop, 90s, boybands, backstreet boys, Love"
Leroy Anderson,Sleigh Ride,"christmas, Classical, instrumental, holidays, contemporary classical"
Enrique Iglesias,Do You Know? (The Ping Pong Song),"pop, Enrique Iglesias, male vocalists, latin, catchy"
Björk,Army of Me,"electronic, alternative, female vocalists, bjork, icelandic"
New Boyz,You're a Jerk,"new boyz, Jerk, rap, Hip-Hop, jerkin"
Talking Heads,Girlfriend Is Better - 2005 Remaster,"new wave, funk, mutant disco, lesbiano, MySpotigramBot"
Billy Joel,Keeping the Faith,"rock, 80s, billy joel, classic rock, soft rock"
Third Eye Blind,Deep Inside of You - 2008 Remaster,"pop rock, pop, alternative rock, 00s, 2000s"
Billy Joel,Leave a Tender Moment Alone,"80s, rock, pop, piano, singer-songwriter"
"Tommy Dorsey,  Frank Sinatra",Polka Dots and Moonbeams,Unknown
Filter,Welcome to the Fold,"rock, industrial rock, alternative, alternative rock, industrial"
Five For Fighting,The Riddle,"rock, alternative, acoustic, Five for Fighting, singer-songwriter"
Disturbed,Remember,"metal, hard rock, Nu Metal, rock, alternative metal"
Buckshot LeFonque,Music Evolution,"jazz-hop, Hip-Hop, Jazz Hop, jazz, jazz-rap"
Yello,The Race,"electronic, 80s, synth pop, electronica, yello"
Ana Gabriel,Es el Amor Quien Llega,"pop, latin, Ana Gabriel, spanish, female vocalists"
Lucio Battisti,Mi ritorni in mente,"italian, singer-songwriter, lucio battisti, italianigdchill, cantautori"
Frank Reyes,Princesa,"bachata, latin, Frank Reyes, salsa, spanish"
Naked Eyes,"Promises, Promises - US Single Version / 2018 Remaster","pop rock, new wave, synthpop, boogie, Sophisti-Pop"
Hot Water Music,Trusty Chords,"punk, favorite songs, emo, post-hardcore, punk rock"
Casting Crowns,Courageous,"christian rock, worship, christian, classic rock, rock"
Doves,There Goes The Fear,"indie, indie rock, british, rock, alternative"
Ricardo Arjona,Tarde (Sin Daños a Terceros),"tarde, ricardo arjona, arjoona, romanticos, latino"
Kid Cudi,We Aite (Wake Your Mind Up),"chill, rap, stoner, Hip-Hop, alternative"
"Hazy Year,  C4C",Melted,Unknown
Mötley Crüe,"Knock 'Em Dead, Kid","hard rock, heavy metal, Glam Metal, metal, hair metal"
Marta Sánchez,Arena y Sol,"spanish, summer, cheerful, warm, tender"
Jungle,Busy Earnin',"funk, british, soul, 2010s, Tales from the Borderlands"
Rilo Kiley,A Better Son/Daughter,"indie, female vocalists, indie rock, Rilo Kiley, favorites"
"Passengers,  Luciano Pavarotti",Miss Sarajevo,"U2, rock, alternative, Ballad, opera"
Tony! Toni! Toné!,(Lay Your Head On My) Pillow,"slow jams, 90s, soul, tony toni tone, rnb"
U2,With Or Without You,"rock, U2, 80s, classic rock, pop"
Los Canelos De Durango,Cada Dia Mas,regional mexican
The Temptations,Treat Her Like A Lady,"motown, soul, Disco, 80s, Old School soul"
Eminem,I'm Shady,"rap, Hip-Hop, hip hop, Eminem, Horrorcore"
Tricky,Black Steel,"trip-hop, electronic, trip hop, tricky, covers"
Montez de Durango,Pasito Duranguense,Unknown
Alice In Chains,It Ain't Like That,"Grunge, hard rock, alternative rock, rock, metal"
Mudvayne,Not Falling,"metal, Nu Metal, alternative metal, hard rock, mudvayne"
Earl Thomas Conley,Holding Her and Loving You,"classic country, country, Earl Thomas Conley, feelings, country legends"
Jorge Ben Jor,Taj Mahal,"brasil, mpb, brazilian, samba rock, Bossa Nova"
"""Guns N Roses""",Shotgun Blues,Unknown
Hannah Montana,"If We Were A Movie - From ""Hannah Montana""/Soundtrack Version",pop rock
John Cafferty & the Beaver Brown Band,On The Dark Side,"80s, rock, pop, classic rock, Soundtrack"
"Hank Williams,  Jr.",Outlaw Women,Unknown
Los Enanitos Verdes,Amigos,"argentina, Rock en Espanol, spanish, latin, Rock Argentino"
Metallica,I Disappear,"metal, heavy metal, rock, thrash metal, Soundtrack"
As I Lay Dying,Confined,"metalcore, hardcore, metal, Melodic Death Metal, Christian Metalcore"
"James Morrison,  Nelly Furtado",Broken Strings,"pop, singer-songwriter, James Morrison, rock, Love"
Invisible,Los Libros de la Buena Memoria,"rock nacional, blues, Rock Argentino, jazz, 70s"
Compay Segundo,Chan chan,"latin, cuba, cuban, buena vista social club, world"
Gaelic Storm,Drink The Night Away,"celtic, irish, Irish Folk, folk, celtic rock"
System Of A Down,Arto,"alternative metal, System of a Down, metal, tribal, Nu Metal"
The Smashing Pumpkins,Luna - Remastered,Unknown
The Cramps,I Can't Hardly Stand It,"psychobilly, rockabilly, garage, cover, rock"
My Chemical Romance,Our Lady of Sorrows,"rock, emo, my chemical romance, punk, alternative"
Lucio Battisti,"Acqua azzurra, acqua chiara","italian, italianigdchill, pop, cantautori, 70s"
Robert Plant,In the Mood - 2006 Remaster,Unknown
The Front Bottoms,Peach,"adorable, seen live, indie, indie rock, acoustic"
Shelly West,Jose Cuervo,"country, Jose Cuervo, cinco de mayo, 80s country, perlast"
The Lumineers,This Must Be The Place (Naïve Melody),"covers, Channel X"
3OH!3,Touchin on My,"electronic, pop, dance, Awesome, sexy"
As I Lay Dying,The Darkest Nights,"metalcore, hardcore, metal, melodic metalcore, Christian Metalcore"
Avril Lavigne,My World,"pop, rock, pop rock, avril lavigne, female vocalists"
Eric Clapton,"Alberta - Acoustic; Live at MTV Unplugged, Bray Film Studios, Windsor, England, UK, 1/16/1992; 2013 Remaster",Unknown
Los Terricolas,Una Carta,"Balada Romantica, musica del recuerdo"
4 Non Blondes,Spaceman,"rock, 90s, alternative, female vocalists, alternative rock"
Heroes Del Silencio,Apuesta por el rock 'n' roll,"spanish, rock, 90s, covers, Spanish Rock"
Pink Floyd,Interstellar Overdrive,"psychedelic, Psychedelic Rock, Progressive rock, classic rock, rock"
The Chi-Lites,Oh Girl,"soul, 70s, oldies, the chi-lites - oh girl, Love"
"Ricky Nelson,  Dean Martin","My Rifle, My Pony And Me - Remastered","Soundtrack, country"
The Isley Brothers,Contagious,"soul, rnb, smooth, the isley brothers, r&b"
George Strait,I Hate Everything - 50 Number Ones Version,"modern country, contemporary country, 2000s country"
Eric Clapton,Knocking On Heaven's Door - Live At Hammersmith Odeon,"british, reggae, british reggae"
Metallica,My Friend Of Misery,"heavy metal, metal, thrash metal, metallica, rock"
George Strait,I Cross My Heart,"country, I Cross My Heart, George Strait, Soundtrack, texas country"
Taylor Swift,Teardrops on My Guitar - Pop Version,"pop, rock, country, pop rock, soft rock"
Joe Satriani,Satch Boogie,"instrumental rock, guitar virtuoso, rock, instrumental, guitar"
The Smiths,Girl Afraid - 2011 Remaster,literally me
Wyclef Jean,Gone Till November,"Hip-Hop, Mellow, hip hop, reggae, rnb"
"Johann Sebastian Bach,  John Williams","Lute Suite in E Minor, BWV 996 (Arr. J. Williams for Guitar): IV. Sarabande",Unknown
Cardenales De Nuevo León,Amor Añejo,Unknown
Barry White,It's Ecstasy When You Lay Down Next To Me,"soul, 70s, rnb, barry white, funk"
New Radicals,Mother We Just Can't Get Enough,"90s, rock, alternative rock, alternative, New Radicals"
Madonna,Open Your Heart,"pop, 80s, dance, Madonna, female vocalists"
Limp Bizkit,Nobody Like You,"Nu Metal, rock, rapcore, limp bizkit, metal"
"Gábor Szabó,  The California Dreamers",San Franciscan Nights,Unknown
The Doors,Twentieth Century Fox,"Psychedelic Rock, classic rock, rock, 60s, psychedelic"
Buena Vista Social Club,¿Y Tú Qué Has Hecho?,"cuban, latin, bolero, son cubano, descarga"
Radiohead,Go To Sleep,"alternative, alternative rock, radiohead, rock, indie"
Sammy Johns,Chevy Van,"70s, singer-songwriter, happy, oldies, spooning music"
Luther Vandross,Please Come Home for Christmas,"christmas, Christmas Songs, christmas classic, RnBxmas, RB"
Escape the Fate,The Webs We Weave,"post-hardcore, screamo, emo, emocore, hardcore"
Utada,Sanctuary (Opening),"j-pop, pop, japanese, ost, Kingdom Hearts"
Mötley Crüe,All In The Name Of...,"hard rock, 80s, hair metal, heavy metal, rock"
Nirvana,"Endless, Nameless","Grunge, noise, rock, noise rock, 90s"
"Rihanna,  Sean Paul",Break It Off,"rnb, dance, pop, Hip-Hop, Rihanna"
blessthefall,Guys Like You Make Us Look Bad,"post-hardcore, screamo, metalcore, emocore, hardcore"
Bob Marley & The Wailers,Crazy Baldhead,"reggae, roots reggae, Bob Marley, political, roots"
T. Rex,20th Century Boy,"glam rock, classic rock, rock, 70s, glam"
Seether,FMLYHM,"rock, alternative, hard rock, alternative rock, Grunge"
Kaskade,4 AM - Adam K & Soha Radio Edit,"electronic, chill, House, deep house, Chill House"
Los Terricolas,Hoy Te Confieso,"romanticas oldies, paco, los corazones solitarios, los yakis, yndio"
Tegan and Sara,Back in Your Head,"indie, female vocalists, indie pop, alternative, Canadian"
Leonardo Favio,"Ding Dong, Ding Dong, Estas Cosas del Amor",Unknown
Megadeth,Paranoid,"cover, thrash metal, heavy metal, metal, covers"
The West Coast Pop Art Experimental Band,Shifting Sands,"Psychedelic Rock, psychedelic, 60s, 1967, rock"
At The Gates,Slaughter Of The Soul,"Melodic Death Metal, death metal, metal, gothenburg metal, thrash metal"
Gregg Allman,Midnight Rider,"Southern Rock, classic rock, 70s, rock, blues"
Artie Shaw,Moonglow,"swing, jazz, Big Band, oldies, 718 Love"
João Gilberto,Wave,"Bossa Nova, brazilian, chill, brasil, mpb"
Michael Jackson,I Wanna Be Where You Are,"michael jackson, soul, pop, motown, 70s"
The Smiths,The Queen Is Dead - 2017 Master,Unknown
Yes,Love Will Find a Way,"Progressive rock, rock, yes, classic rock, british"
The Blues Brothers,Peter Gunn Theme,"blues, Soundtrack, instrumental, The Blues Brothers, rhythm and blues"
Emmanuel,Tú y Yo,Unknown
Reba McEntire,Is There Life Out There,"country, reba mcentire, female vocalists, is there life out there, 80s"
Gloria Trevi,Qué Voy A Hacer Sin El?,"eclectonia, Ladies and gentlemen - Boys and girls"
SWV,Use Your Heart,"rnb, 90s, female vocalists, soul, SWV"
John Mellencamp,Paper In Fire,"classic rock, rock, 80s, singer-songwriter, john mellencamp"
Black Star,Brown Skin Lady,"Hip-Hop, hip hop, rap, underground hip-hop, talib kweli"
John Mellencamp,I Need A Lover,"classic rock, rock, 80s, singer-songwriter, heartland rock"
"""DAngelo""",Devil's Pie,Unknown
Sam Cooke,It's All Right,"soul, 60s, oldies, pop, american"
Wings,With A Little Luck - Remastered 1993,Unknown
"Pitbull,  Lil Jon",The Anthem,"hip hop, Reggaeton, dance, Pitbull, rap"
"Zion I,  K.Flay",Coastin',"best of 2011, banned, classy"
"Eazy-E,  Dr. Dre",Eazy-er Said Than Dunn,"Gangsta Rap, old school, rap, Hip-Hop, hip hop"
James Brown,Get Up (I Feel Like Being A) Sex Machine,"funk, soul, 70s, rhythm and blues, james brown"
Marilyn Manson,Great Big White World,"industrial, industrial metal, metal, rock, industrial rock"
"Jim Brickman,  Michael W. Smith",Love of My Life (feat. Michael W. Smith),heard on Pandora
Radiohead,In Limbo,"alternative, rock, electronic, radiohead, british"
ABBA,"Hey, Hey Helen","pop, abba, 70s, rock, swedish"
Ismael Rivera,El Nazareno,"salsa, Love, fania, salsa vieja, world"
Radiohead,Backdrifts,"alternative, alternative rock, electronic, radiohead, rock"
平田志穂子,Heaven,"game, atlus"
Edguy,Vain Glory Opera,"Power metal, heavy metal, melodic metal, metal, german"
The Smiths,I Know It's Over - 2017 Master,"rock, post-punk"
Rose Royce,Love Don't Live Here Anymore,"soul, 70s, female vocalists, quiet storm, funk"
Corey Smith,If I Could Do It Again,"cool, thegoodlife, IfICouldDoItAgain, class night, Reminds me of DV"
Natalie Merchant,Ophelia,"female vocalists, singer-songwriter, natalie merchant, folk, alternative"
Machine Head,Message in a Bottle,"cover, metal, thrash metal, covers, Nu Metal"
Musical Blades,Johnny I Hardly Knew Ya,shanty
Café Tacvba,La chica banda,"Disco, seen live, mexico, live, rock en español"
"Paul Simon,  Ladysmith Black Mambazo",Homeless (with Ladysmith Black Mambazo),Unknown
Chris de Burgh,Missing You,"Chris De Burgh, 80s, love songs, pop, lovesongs"
The Band Perry,You Lie,"country, modern country, pop country, the band perry, my favorite"
Papa Roach,Broken Home,"Nu Metal, rock, alternative, alternative rock, Papa Roach"
AFI,Love Like Winter,"punk rock, rock, punk, emo, alternative"
Three Dog Night,One - Single Version,"classic rock, pop, 70s, breakup, 1969"
Dirty Heads,Day By Day,Unknown
Trooper,Raise A Little Hell,"Canadian, classic rock, rock, 70s, drinking"
Less Than Jake,Look What Happened,"ska, ska punk, punk, punk rock, rock"
Deftones,Hole in the Earth,"alternative rock, metal, Nu Metal, alternative, alternative metal"
"Alexander Glazunov,  Royal Scottish National Orchestra,  Neeme Järvi","Vremena goda, Op. 67: L'Automne: Petit Adagio",Unknown
Bruce Springsteen,Prove It All Night,"rock, heartland rock, classic rock, 70s, Bruce Springsteen"
Dalida,Le temps des fleurs,"french, 60s, female vocalists, chanson, chanson francaise"
The Goo Goo Dolls,Acoustic #3,"acoustic, alternative rock, rock, favorites, Mellow"
Michel Polnareff,La poupée qui fait non,"french, michel polnareff, Chanson Française, french pop, chanson francaise"
"Gloria Estefan,  Miami Sound Machine",Rhythm Is Gonna Get You,"pop, 80s, latin, dance, female vocalists"
Journey,Only the Young,"classic rock, 80s, rock, journey, hard rock"
The Beatles,Rain - Remastered 2009,"psychedelic, Psychedelic Rock"
El As De La Sierra,Regalo Caro,Unknown
"Camille Saint-Saëns,  Pascal Rogé,  Cristina Ortiz,  London Sinfonietta,  Charles Dutoit","Le Carnaval des Animaux, R. 125: 7. Aquarium",Unknown
"""TPau""",Heart And Soul,Unknown
"""Destinys Child""",Dangerously In Love,Unknown
Hacken Lee,紅日 - 電視劇「他來自天堂」主題曲,Unknown
TLC,Sleigh Ride,"christmas, christmas soul, Christmas tag, Christmas Music, urban christmas"
Goldfinger,Spokesman,"punk rock, punk, ska punk, skate punk, ska"
Air Supply,Now and Forever,"soft rock, love songs, 80s, classic rock, Love"
Bing Crosby,White Christmas - Remastered 2006,Unknown
Al Green,For the Good Times,"soul, 70s, rhythm and blues, rnb, Old School soul"
2 Unlimited,Tribal Dance,"eurodance, dance, 90s, techno, electronic"
N.W.A.,If It Ain't Ruff,"Hip-Hop, rap, Gangsta Rap, hip hop, west coast"
James Brown,Papa's Got A Brand New Bag,"soul, funk, 60s, rhythm and blues, jazz"
Mai Yamane,The Real Folk Blues,"jazz, anime, Cowboy Bebop, Soundtrack, japanese"
"Dan Evmark,  Paula Gustafsson,  Gothenburg Symphony Orchestra,  members",Desir,Unknown
10 Ft. Ganja Plant,Chalwa,"dub, reggae, dub reggae, roots reggae, instrumental"
The Doors,Take It as It Comes,"Psychedelic Rock, classic rock, rock, 60s, psychedelic"
Billie Holiday,All of Me,"jazz, female vocalists, vocal jazz, blues, billie holiday"
Garibaldi,Banana,sakldjfkalsjdf
The Brobecks,Visitation Of The Ghost,"indie pop, piano rock, modern rock, seen live, fire"
Massive Attack,Risingson,"trip-hop, electronic, chillout, trip hop, electronica"
"Traditional,  Worcester Cathedral Choir,  Donald Hunt",Rocking,Unknown
Brad Paisley,Little Moments,"country, brad paisley, Love, favorites, Little Moments"
Tom Waits,Tom Traubert's Blues (Four Sheets To The Wind In Copenhagen),"singer-songwriter, blues, rock, alternative, beautiful"
The D.O.C.,It's Funky Enough - Remastered Single,"80s, 1989"
Ramones,I Wanna Be Your Boyfriend - 2016 Remaster,pop punk
Bon Jovi,Dry County,"rock, hard rock, bon jovi, classic rock, 80s"
The Dreadnoughts,Eliza Lee,"shenanigans, folk punk, celtic punk, sea shanty, instrumental"
Cock Robin,Just Around the Corner,"80s, pop, pop rock, soft rock, rock"
Staind,Epiphany,"rock, alternative rock, staind, alternative, hard rock"
Boy George,Everything I Own,"reggae, 80s, pop, boy george, new wave"
Ana Gabriel,Obsesión,Unknown
"""Guns N Roses""",Out Ta Get Me,Unknown
Tricky,Overcome,"trip-hop, downtempo, chillout, electronic, trip hop"
Bob Dylan,Sara,"folk, singer-songwriter, rock, folk rock, 70s"
"Wolfgang Amadeus Mozart,  Natalie Dessay,  Orchestra of the Age of Enlightenment,  Louis Langrée","Mozart: Zaide, K. 344/336b, Act 1 Scene 3: No. 3, Arie, ""Ruhe sanft, mein holdes Leben"" (Zaide)",Unknown
Depeche Mode,World in My Eyes - 2006 Remaster,"electro, synthpop, ebm, darkwave, alternative dance"
"Santana,  Dave Matthews,  Carter Beauford",Love of My Life (feat. Dave Matthews & Carter Beauford),"rock, latin, guitar, favorites, Awesome Guitar Jams"
Tim Buckley,Once I Was,"folk, singer-songwriter, acoustic, 60s, Tim Buckley"
Metallica,The God That Failed,"heavy metal, metal, thrash metal, metallica, hard rock"
Lucy Rose,Shiver,"folk, indie folk, mushishi, acoustic, indie"
"Michelle Pfeiffer,  Sally Dworsky",When You Believe - The Prince Of Egypt/Soundtrack Version,Unknown
Los Invasores De Nuevo León,El Subteniente Linares,Unknown
Godsmack,Moon Baby,"hard rock, metal, alternative metal, rock, Nu Metal"
Jazmine Sullivan,Holding You Down (Goin' in Circles),"jazmine sullivan, rnb, r&b, soul, female vocalists"
"B.B. King,  Paul Carrack",Bring It On Home To Me,"blues, blues classic, rhythm and blues, B B King, bestever"
Fall Out Boy,Don't You Know Who I Think I Am?,"rock, pop punk, emo, Fall Out Boy, punk rock"
Ladron,Es Dificil Decir Adios,Unknown
Santana,Flor d'Luna (Moonflower),"rock, instrumental, guitar, Latin Rock, classic rock"
Raulin Rosendo,Uno Se Cura,"salsa, latin, salsa romantica, Salsa Clasica, eres"
Akwid,No Hay Manera,"Hip-Hop, rap, 1, Latin Rap, mexican rap"
Emilio Navaira,Cómo Le Haré,Unknown
Hank Williams,Settin' The Woods On Fire,"country, classic country, Hank Williams, 50s, american"
The Features,From Now On,"Soundtrack, twilight, breaking dawn, Like, favourite"
Rocío Dúrcal,No Lastimes Más,Unknown
"Giacomo Puccini,  Maria Callas,  Herbert von Karajan,  Orchestra Del Teatro Alla Scala,  Milano","Puccini: Madama Butterfly, Act 2: ""Un bel di vedremo"" (Butterfly)",Unknown
"José Feliciano,  Ewan McGregor,  Jacek Koman","El Tango De Roxanne - From ""Moulin Rouge"" Soundtrack","latin, tango, guitar, cover, musical soundtrack"
El Gran Combo De Puerto Rico,Azuquita Pa'l Cafe,salsa
Def Leppard,Armageddon It,"hard rock, rock, 80s, Def Leppard, classic rock"
Bone Thugs-N-Harmony,Fried Day,"Hip-Hop, rap, weed, blunted, 420"
Tony Terry,With You,"slow jams, love song, tony terry, soul, rnb"
Debbie Gibson,Only in My Dreams,"80s, pop, debbie gibson, female vocalists, 1987"
Liberación,El Muñeco,Unknown
Eva Cassidy,Autumn Leaves,"female vocalists, jazz, folk, Eva Cassidy, Mellow"
Van Morrison,Real Real Gone,"van morrison, singer-songwriter, rock, classic rock, irish"
Billy Joel,Zanzibar,"singer-songwriter, rock, piano rock, jazz, billy joel"
Sufjan Stevens,"Holy, Holy, Holy","christmas, alternative, piano, worship, hymn"
"Fabolous,  Nate Dogg",Can't Deny It (feat. Nate Dogg),"00s, 2000s, 2001, explicit lyrics, danceable beats"
Mikel Erentxun,Esta luz nunca se apagará - There Is a Light That Never Goes Out,Unknown
Jennifer Love Hewitt,Cool with You,"pop, female vocalists, Cool with you, singer-songwriter, japan"
A Day To Remember,Sticks & Bricks,"post-hardcore, hardcore, metalcore, pop punk, emo"
"J. Cole,  JAY-Z",Mr. Nice Watch,"j cole, Hip-Hop, rap, 2011, jay-z"
Garbage,I Think I'm Paranoid,"rock, alternative rock, alternative, 90s, female vocalists"
KC & The Sunshine Band,Keep It Comin' Love,"Disco, 70s, pop, disco funk, dance"
Billie Holiday,On The Sunny Side Of The Street,"jazz, jazz vocal, female vocalists, i want back to the 40s, pj feelgood"
Brandy,(Everything I Do) I Do It for You,"cover, rnb, Brandy, female vocalists, 90s"
Bucky Covington,A Different World,"country, Bucky Covington, a different world, new country, American Idol"
Enigma,The Voice Of Enigma,"new age, ambient, enigma, chillout, electronic"
Jodeci,Come & Talk To Me,"JODECI, rnb, 90s, soul, slow jams"
Kenny Chesney,Don't Happen Twice,"country, Kenny Chesney, country rock, dont happen twice, heard on Pandora"
Lester Young,Blue Lester,"jazz, lester young, saxophone, bebop, swing"
Vic Damone,Let's Fall in Love,"easy listening, 50s, Soundtrack, jazz, jazz vocal"
The Black Dahlia Murder,What a Horrible Night to Have a Curse,"death metal, Melodic Death Metal, deathcore, metalcore, metal"
Binomio de Oro de América,Bañarte En Mis Sueños,"vallenato, spanish lyrics"
The Mamas & The Papas,Creeque Alley - Single Version,Unknown
Kidsongs,Up On The Housetop,Unknown
Dean Martin,Innamorata,"easy listening, oldies, swing, male vocalist, super"
Donny Hathaway,Jealous Guy - Live,Unknown
Led Zeppelin,Over the Hills and Far Away - Remaster,classic tracks
Joan Sebastian,Más Que A Ninguna,Unknown
Arlo Guthrie,Alice's Restaurant Massacree,"folk, folk rock, thanksgiving, 60s, singer-songwriter"
"Wolfgang Amadeus Mozart,  Joanna Borowska,  Priti Coles,  John Dickie,  Andrea Martin,  Peter Mikulas,  Rohangiz Yachmi,  Slovak Philharmonic Chorus,  Capella Istropolitana,  Johannes Wildner","Così fan tutte, K. 588: Overture",Unknown
"Max Romeo,  The Upsetters",War Ina Babylon,"reggae, roots reggae, roots, strings organs rubber wind, ska"
Kris Kristofferson,Sunday Morning Coming Down,"country, 70s, My Country, Kris Kristofferson, chillout"
Van Halen,I'm the One - 2015 Remaster,"hard rock, elsa jean, jessa rhodes, lana rhoades, nicolette shea"
The Sundays,Here's Where The Story Ends,"90s, female vocalists, indie, indie pop, alternative"
Ivy Queen,"Te He Querido, Te He Llorado","Reggaeton, Ivy Queen, Reggaeton Cassi, Te He Llorado, Te He Querido"
Link Wray & The Wraymen,Rumble,"tarantino, oldies, Rock and Roll, Soundtrack, 50s"
Marilyn Manson,Personal Jesus,"cover, industrial, metal, rock, industrial metal"
The Modern Lovers,Pablo Picasso,"proto-punk, punk, 70s, garage, pablo picasso"
Tiberio Y Sus Gatos Negros,Lagrimas de Escarcha,Unknown
Niagara,Quand la ville dort,"chanson francaise, pop, rock francais, so french, herz"
Grant Lee Buffalo,Fuzzy,"90s, rock, alternative, Mellow, folk"
White Noise Therapy,Flight to Amsterdam,Unknown
Kristinia DeBarge,Goodbye,"pop, kristinia debarge, dance, rnb, female vocalists"
"""Weird Al"" Yankovic","Party In the CIA (Parody of ""Party In The U.S.A."" by Miley Cyrus)","comedy, parody, rock, Nerd Rock, funny"
Jerry Vale,Mala Femmina,"male vocalists, Jerry Vale, oldies, crooner, nip tuck"
Eva Cassidy,Imagine,"cover, female vocalists, jazz, Eva Cassidy, folk"
Mark Wills,Don't Laugh At Me,"country, mark wills, I love this song, sad, modern country"
DMX,Intro,"dmx, rap, hip hop, Gangsta Rap, hardcore rap"
"Will Reagan,  United Pursuit",Nothing I Hold on to (Live),Unknown
Josh Groban,What Child Is This?,"christmas, Josh Groban, Classical, Mellow, male vocalist"
Kidsongs,Rudolph The Red-Nosed Reindeer,Unknown
"""Sinéad OConnor""",Mandinka,Unknown
"Dolly Parton,  Linda Ronstadt,  Emmylou Harris",Those Memories of You - 2015 Remaster,"1988, new traditionalist, late 80s country"
Usher,Can U Help Me,"rnb, Love, slow jams, Usher, contemporary rnb"
"Lupe Fiasco,  Nikki Jean",Hip-Hop Saved My Life (feat. Nikki Jean),"rap, Hip-Hop, chicago, lyricist, The Good Stuff"
Johnny Bond,Stars Of The Midnight Range,"fallout, country, fallout new vegas, western, Soundtrack"
Cobra Starship,Hot Mess,"dance, electropop, alternative, pop punk, synthpop"
"Memphis Bleek,  JAY-Z,  Missy Elliott,  Twista",Is That Your Chick (The Lost Verses),"rap, Hip-Hop, memphis bleek, Gangsta Rap, Is That Your Chick"
Jimi Hendrix,Manic Depression,"classic rock, rock, Psychedelic Rock, 60s, psychedelic"
Eddie Hazel,California Dreamin',"funk, p-funk, funkadelic, eddie hazel, soul"
Josh Groban,Silent Night,"christmas, Josh Groban, Classical, male vocalist, Christmas Music"
Brand New,Sowing Season (Yeah),"alternative, emo, rock, amazing, indie"
Fall Out Boy,Bang The Doldrums,"rock, pop punk, alternative, Fall Out Boy, emo"
Grupo Sonador,La Cumbia de la Cerveza,Unknown
Judy Collins,Both Sides Now,"folk, 60s, female vocalists, judy collins, joni mitchell cover"
Andy Williams,Can't Take My Eyes Off You,"oldies, easy listening, love songs, 60s, pop"
"Aventura,  Héctor Acosta ""El Torito""",My Voy - Live,Unknown
The Pretenders,Have Yourself A Merry Little Christmas,"christmas, xmas, pop, Tinsel, holiday"
Sting,I Saw Three Ships,"christmas, xmas, holiday, sting, rock"
Perry Como,(There's No Place Like) Home for the Holidays - 1959 Version,"christmas, holiday, Yule, holx, an old fashioned christmas"
Bettye Swann,Make Me Yours,"soul, female vocalists, Old School soul, classic, 60s"
In This Moment,Call Me,"cover, alternative metal, metal, heavy metal, metalcore"
Lucinda Williams,Righteously,"Alt-country, country, singer-songwriter, country rock, female vocalists"
Carrie Underwood,Do You Hear What I Hear,"christmas, country christmas, Christmas Music, female vocalists, christian christmas"
Tito Nieves,De Mí Enamórate,"latin, salsa"
Taj Mahal,Satisfied 'N' Tickled Too,"folk, blues, reggae, acoustic, DJ Mix"
The Beatles,Good Morning Good Morning - Remastered 2009,"Get up, sunny side up, rise and shine, flapjacks, good night good night"
Marilyn Manson,Mechanical Animals,"industrial, industrial metal, metal, rock, glam rock"
Rockabye Baby!,Yellow,"2015 gif, lullaby gif, cover of gif, rockabye baby gif"
"Sukhwinder Singh,  Alka Yagnik",Ramta Jogi,Unknown
Jason Boland & The Stragglers,Somewhere Down in Texas,"texas country, Red Dirt, chill, bad ass, country"
Daniel Tiger’s Neighborhood,"Goodnight, Daniel",Unknown
Nico,The Fairest Of The Seasons,"female vocalists, 60s, folk, alternative, singer-songwriter"
Raul Porchetto,Bailando en las Veredas,"Rock Argentino, rock en español, 1980s, maxi45, 80arg"
Totó La Momposina,El Pescador,"latin, Colombia, cumbia, dance, El Pescador"
Public Enemy,Rebel Without A Pause,"Hip-Hop, hip hop, rap, 80s, political"
The Rascals,A Beautiful Morning - Single Version,"oldies, R Artist"
KISS,God Of Thunder,"hard rock, rock, kiss, classic rock, glam rock"
South Park Mexican,Mary-Go-Round,"spm mary go round, spm, rap, gangsta, Mary-Go-Round"
Sigur Rós,Olsen olsen,"post-rock, ambient, icelandic, beautiful, alternative"
"""Mo Horizons""",Foto Viva,Unknown
Children Of Bodom,Hatebreeder,"Melodic Death Metal, Power metal, metal, death metal, children of bodom"
Charley Pride,Does My Ring Hurt Your Finger,"country, classic country, charley pride, 60s, Ballad"
Pink Floyd,Astronomy Domine,"Psychedelic Rock, Progressive rock, psychedelic, classic rock, rock"
"Kelis,  Too $hort",Bossy Featuring Too $hort (feat. Too $hort),Unknown
"Frédéric Chopin,  Janusz Olejniczak","Ballade No. 1 in G Minor, Op. 23","Classical, piano, Chopin, romantic, classical piano"
Los Toros Band,Mi Niña - Bachata Version,Unknown
Julio Miranda,Egoísmo,Unknown
El Halcon De La Sierra,Me Gusta Tener De A Dos,Unknown
Ashanti,The Way That I Love You,"rnb, soul, female vocalists, Ashanti, piano"
Lou Rawls,Lady Love,"soul, philly soul, lou rawls, 70s, love song"
Little People,Moon,"trip-hop, instrumental, instrumental hip-hop, chillout, ambient"
Celia Cruz,"Quizás, Quizás, Quizás","salsa, rumba, positive sounds, takie romantyczne ze japierdole, kto nie tanczy ten z policji"
Billy Ocean,There'll Be Sad Songs (To Make You Cry),"80s, pop, soul, sad, love songs"
Bronco,No Es Tan Fácil Perdonar,Unknown
The Hollies,"He Ain't Heavy, He's My Brother","60s, classic rock, oldies, rock, pop"
The Mighty Mighty Bosstones,The Rascal King,"ska, ska punk, 90s, Ska-Core, punk"
"Juan Gabriel,  Mariachi México 70 De Pepe López",Siempre Estoy Pensando en Ti (with El Mariachi México '70 de Pepe López),Unknown
"Reba McEntire,  Brooks & Dunn","If You See Him, If You See Her","country, female, female vocalists, 1998, modern country"
Bon Jovi,Blood On Blood,"rock, hard rock, bon jovi, 80s, hair metal"
U2,"Hold Me, Thrill Me, Kiss Me, Kill Me - From 'Batman Forever'","Soundtrack, oldies, macework"
Billie Holiday,God Bless The Child,"jazz, female vocalists, blues, billie holiday, jazz vocal"
Margaret Whiting,Time After Time,"jazz, female vocalists, easy listening, swing, fip"
Joan Sebastian,La Carta,la carta
Bon Iver,Team,"indie, folk, rock, bon iver, whistling"
Los Lobos,"Come On, Let's Go","classic rock, 80s, cover, Latin Rock, rock"
98º,The Hardest Thing,"pop, beautiful, 90s, my favorite, sad"
The Angels,We Gotta Get Out Of This Place,"rock, hard rock, australian, guitar, organ"
"Danny Kaye,  The Andrews Sisters,  Vic Schoen & His Orchestra","Civilization (Bongo, Bongo, Bongo) - Single Version","bongo, fallout"
Poison,Your Mama Don't Dance,"rock, 80s, hard rock, hair metal, glam rock"
Louis Armstrong,All That Meat And No Potatoes,"jazz, Office Space, satchmo, vocal jazz, cover"
Peter Tosh,"Get Up, Stand Up","reggae, roots reggae, peter tosh, rock, roots"
Jonas Brothers,That's Just The Way We Roll,"jonas brothers, pop, cool, teen pop, pop punk"
"""Los Players""",En Realidad,Unknown
Glen Campbell,I'll Be Lucky Someday - Remastered 2001,Unknown
Pesado,Mitad y mitad,"pesado, norteño, cumbia, tejano, nancy"
"Clifford Brown,  Max Roach Quintet",Sandu,"jazz, bebop, bop, Hard Bop, trumpet"
Mongo Santamaria,Sofrito,"latin jazz, jazz, mambo, cha cha cha, instrumental"
George Strait,If I Know Me,"country, If I Know Me, classic country, 1991, George Strait"
Group Home,Livin' Proof,"Hip-Hop, rap, dj premier, hip hop, east coast rap"
Eric Darius,Be Without You,ipodtrack colexion
The Story So Far,Quicksand,"pop punk, punk rock, rock, Awesome, Pop-punk"
Nicola Di Bari,Il Cuore E' Uno Zingaro (El Corazon Es Un Gitano),Unknown
Madonna,You'll See,"pop, 90s, Madonna, female vocalists, Ballad"
Wreckless Eric,Whole Wide World,"new wave, Soundtrack, punk, stranger than fiction, Love"
Bob Marley & The Wailers,The Heathen,"reggae, roots reggae, Bob Marley, 70s, jamaican"
Escape the Fate,Reverse the Curse,"post-hardcore, screamo, emo, emocore, Escape the fate"
Fania All Stars,Ella Fue (She Was The One),"soul, rnb, fip, 1977, a-score2020-026"
Larry Davis,Texas Flood,"blues, 50s, 1958"
Andrew E.,Stupid Love performed by Salbakutah,Unknown
Radiohead,Anyone Can Play Guitar,"alternative, alternative rock, rock, radiohead, 90s"
Elvis Presley,A Big Hunk O' Love,"Rock and Roll, rock, 50s, elvis, Rock  Roll"
Supertramp,From Now On,"classic rock, rock, Progressive rock, SuperTramp, 70s"
Diego Verdaguer,Volveré - Versión Original [Remasterizada],Unknown
Mina,Mi sei scoppiato dentro il cuore,"mina, pop, female vocalists, favorites, favourite"
"MC Breed,  DFC",Ain't No Future In Yo' Frontin',"hip hop, old school, 90s Hip Hop, slowjamz, buggerOff"
My Bloody Valentine,Sometimes,"shoegaze, indie, dream pop, alternative, beautiful"
The Michael Zager Band,Let's All Chant,"Disco, 70s, dance, party, 70"
Saving Abel,Drowning (Face Down),"rock, alternative rock, Saving Abel, alternative, hard rock"
Zacarias Ferreira,Siento Que Te Quiero,"bachata, Zacarias Ferreira, latin, spanish, dance"
R.E.M.,The One I Love,"rock, alternative rock, 80s, alternative, REM"
Guy Mitchell,Heartaches by the Numbers - Rerecorded,Unknown
Duran Duran,The Reflex,"80s, new wave, pop, rock, duran duran"
Fun Boy Three,Our Lips Are Sealed,"80s, new wave, pop, Fun Boy Three, british"
Volbeat,Fallen,"hard rock, rock, heavy metal, metal, rockabilly"
Brenton Wood,Baby You Got It,"soul, philly soul, positive vibe, msixties pop, baby you got it"
Gerry Mulligan,Lullaby Of The Leaves - 1998 Digital Remaster,"jazz, saxophone, bebop, cool jazz, gerry mulligan"
Gerardo Reyes,Libro Abierto,Unknown
The Crickets,Not Fade Away,"oldies, Rock and Roll, 50s, 1957, buddy holly"
CKY,Flesh Into Gear,"rock, CKY, hard rock, alternative rock, metal"
Phil Collins,This Must Be Love - 2015 Remastered,"pop, 80s, soft rock, Phil Collins, remastered"
t.A.T.u.,How Soon Is Now?,"cover, pop, female vocalists, russian, tatu"
Basshunter,DotA,"dance, techno, electronic, trance, swedish"
Anzen Chitai,悲しみにさよなら,"JPop, rock, japanese, Asian, band"
Jeff Buckley,So Real,"rock, singer-songwriter, alternative, jeff buckley, beautiful"
Saber Rebai,Sidi Mansour,"world, male, arabic"
"Candace,  Vanessa",Busted,"Soundtrack, electropop, female vocalists, kids, cartoon"
The Smiths,Handsome Devil - John Peel Session 18/05/83,Unknown
Otis Redding,I've Got Dreams to Remember,"soul, 60s, oldies, blues, rhythm and blues"
Megadeth,Addicted To Chaos - Remastered 2004,"heavy metal, metal, thrash metal"
The Chicks,Godspeed (Sweet Dreams),"female vocalists, Alt-country, modern country, 2002, Radney Foster"
Montgomery Gentry,Lucky Man,"country, Lucky Man, montgomery gentry, country rock, modern country"
Mudvayne,Fall Into Sleep,"metal, Nu Metal, alternative metal, rock, hard rock"
Cascada,Bad Boy,"dance, trance, techno, Cascada, female vocalists"
Dry Kill Logic,Rot,"Nu Metal, metalcore, metal, hardcore, Dry Kill Logic"
Guy Clark,The Guitar,"country, blues, double-ender 2"
Faye Wong,執迷不悔,"acoustic, chinese, mandarin, Eargasm, C-pop"
Floetry,Floetic,"Neo-Soul, soul, rnb, Hip-Hop, female vocalists"
"Faith Hill,  Tim McGraw",Let's Make Love,"country, Faith Hill, duet, female vocalists, Love"
Carrie Underwood,Mama's Song,"country, Carrie Underwood, modern country, American Idol, pop"
"""Billos""",Año Nuevo,Unknown
The Bouncing Souls,Hopeless Romantic,"punk, punk rock, good shit, Love, rock"
Vico C,Dandote Vida,Unknown
The Offspring,Smash,"punk rock, punk, rock, alternative, 90s"
Taylor Swift,Invisible,"country, female vocalists, taylor swift, invisible, sad"
Taylor Swift,Tied Together with a Smile,"country, taylor swift, female vocalists, country pop, pop"
Kelly Chen,記事本,Unknown
Dashboard Confessional,Stolen,"alternative, emo, rock, indie, acoustic"
Hillsong UNITED,From The Inside Out - Live,Unknown
"""Gilbert OSullivan""",What's In a Kiss - Guitar Version,Unknown
Five Finger Death Punch,No One Gets Left Behind,"metal, metalcore, groove metal, Five Finger Death Punch, thrash metal"
I Set My Friends On Fire,Things That Rhyme With Orange,"post-hardcore, experimental, screamo, Nintendocore, hardcore"
Jaheim,Anything (feat. Next),rnb
Saxon,Princess of the Night - 2009 Remastered Version,Unknown
Wu Bai,浪人情歌,"rock, taiwanese"
Chris Thile,Heart In A Cage,"bluegrass, folk, acoustic, country, better than the original"
Linkin Park,The Messenger,"rock, alternative rock, alternative, acoustic, Linkin Park"
Jason Michael Carroll,Where I'm From,"country, Jason Michael Carroll, modern country, Love, cool"
Kendrick Lamar,Ignorance Is Bliss,"Hip-Hop, rap, kendrick lamar, hip hop, cali"
Pretenders,Middle of the Road - 2007 Remaster,Unknown
Paul McCartney,Junk - Remastered 2011,P Artist
The xx,VCR,"indie, alternative, electronic, british, indie rock"
Hank Williams III,Mississippi Mud,"country, Honky Tonk, outlaw country, rockabilly, Alt-country"
Robin Thicke,Sex Therapy,"rnb, Robin Thicke, soul, male vocalists, slow"
Mumford & Sons,Timshel,"folk, indie, acoustic, indie folk, beautiful"
Empire of the Sun,Half Mast,"electronic, indie electronic, synthpop, electronica, Empire of the Sun"
Mumford & Sons,I Gave You All,"folk, indie, indie folk, acoustic, british"
Los Bukis,Te Esperare,Unknown
Mumford & Sons,Roll Away Your Stone,"folk, indie, folk rock, bluegrass, british"
"Mike Jones,  Lil Wayne,  T-Pain,  Twista","Cuddy Buddy (feat. Lil Wayne, T-Pain & Twista)",Unknown
Teddy Pendergrass,"You're My Latest, Greatest Inspiration","soul, teddy pendergrass, old school, slow jam, Old School Slow Jams"
Simplified,Wake 'N Bake,"rock, reggae, relaxing"
Arctic Monkeys,The View From The Afternoon,"indie rock, indie, rock, alternative, british"
Willie Colón,El Gran Varón,"salsa, latin, spanish, america latina, varon"
Bring Me The Horizon,Don't Go,"metalcore, deathcore, screamo, emotional, emo"
Black Sabbath,Black Sabbath - 2014 Remaster,"classic rock, heavy metal, doom metal, Black Sabbath"
Arctic Monkeys,Riot Van,"indie, indie rock, rock, british, arctic monkeys"
川村ゆみ,When The Moon's Reaching Out Stars,"game, atlus"
"DANGERDOOM,  Ghostface Killah",The Mask,"Hip-Hop, underground hip-hop, horns, Hip HopRap, good hiphop"
Kingo Hamada,midnight cruisin',"j-pop, city pop"
Black Sabbath,Jack the Stripper / Fairies Wear Boots - 2012 - Remaster,"classic rock, heavy metal, metal, rock, hard rock"
Sugarloaf,Green-Eyed Lady,"classic rock, 70s, Progressive rock, psychedelic, rock"
Kenny Rogers,Love Will Turn You Around,"country, 80s, male vocals, turning around, 1982"
Silversun Pickups,Kissing Families,"indie rock, indie, alternative rock, rock, shoegaze"
"Sarah McLachlan,  Diana Krall",Christmas Time Is Here (feat. Diana Krall),"christmas, jazz, folk, female, pop"
Yonder Mountain String Band,Midwest Gospel Radio,"instrumental, bluegrass, Jam, Miscellaneous, bluegrass jam"
"Ludwig van Beethoven,  Daniel Barenboim","Piano Sonata No.14 In C Sharp Minor, Op.27 No.2 -""Moonlight"": 1. Adagio sostenuto","Classical, Halloween peppermint, classical peppermint"
Keith Urban,Kiss A Girl,"country, Keith Urban, modern country, kiss a girl, 00s"
Chayanne,Este Ritmo Se Baila Así,"latin, pop, top, love songs, chayanne"
Sade,Frankie's First Affair,"soul, jazz, Smooth Jazz, Sade, female vocalists"
Tame Impala,Why Won't You Make Up Your Mind?,"Psychedelic Rock, psychedelic, rock, indie rock, indie"
Bad Boys Blue,Pretty Young Girl,"80s, Disco, bad boys blue, dance, pop"
Stone Temple Pilots,Atlanta,"alternative rock, Grunge, rock, alternative, hard rock"
Bullet For My Valentine,Hand Of Blood,"metalcore, metal, bullet for my valentine, rock, emocore"
"English Chamber Orchestra,  Benjamin Wallfisch","The Living Sculptures Of Pemberley - From ""Pride & Prejudice"" Soundtrack",Unknown
Kenny Chesney,Who You'd Be Today,"country, Kenny Chesney, heartache, favorites, emotional"
George Strait,Baby Blue,"country, george, Baby Blue, 1988, George Strait"
Vangelis,Tears in Rain,"Soundtrack, ambient, electronic, new age, beautiful"
Lifehouse,First Time,"rock, alternative rock, alternative, Lifehouse, pop"
Minus the Bear,Pachuca Sunrise,"indie, indie rock, summer, chill, minus the bear"
"Orlando ""Cachaíto"" López,  Angá Diaz,  Amadito Valdés,  Carlos Gonzalez,  Manuel Galbán","Mis Dos Pequeñas (feat. Angá Díaz, Amadito Valdés, Carlos González & Manuel Galbán)",Unknown
Jean-Yves Thibaudet,"End Credits - From ""Pride & Prejudice"" Soundtrack",Unknown
"Hans Zimmer,  Ted Elliot,  Terry Rossio","Hoist the Colours - From ""Pirates of the Caribbean: At World's End""/Soundtrack Version",Unknown
EPMD,Da Joint,"Hip-Hop, rap, EPMD, east coast rap, hip hop"
Brooks & Dunn,Believe,"country, Brooks and Dunn, 2000s, My Favorites, faith"
Electric Light Orchestra,Ticket to the Moon,"classic rock, rock, 80s, Progressive rock, ELO"
be your own PET,Becky,"Garage Rock, female vocalist, indie, indie rock, catchy"
Yes,Sweetness - 2003 Remaster,Unknown
Israel Vibration,Cool and Calm,"reggae, roots reggae, reggae roots, cool, jamaica"
Led Zeppelin,Moby Dick,"classic rock, hard rock, rock, drum solo, Led Zeppelin"
Breaking Benjamin,Breakdown,"alternative rock, rock, alternative, hard rock, metal"
Hey Monday,How You Love Me Now,"pop punk, hey monday, rock, punk, female vocalists"
Tommy heavenly\ue529,PAPERMOON,Unknown
"Elton John,  RuPaul",Don't Go Breaking My Heart,"pop, 70s, duets, rock, elton john"
Kool & The Gang,Joanna,"80s, soul, funk, Disco, pop"
Alter Bridge,Blackbird,"rock, hard rock, alternative rock, alternative metal, Alter Bridge"
The Steeldrivers,Can You Run,Unknown
Tim Buckley,Buzzin' Fly,"folk, 60s, singer-songwriter, Tim Buckley, acoustic"
Tenth Avenue North,You Are More,"christian rock, Tenth avenue North, christian, contemporary christian, relevant magazine"
Siouxsie and the Banshees,Arabian Knights,"post-punk, new wave, goth, Gothic, female vocalists"
Sanford Townsend Band,Smoke from a Distant Fire,"rock, 70s, pop, Miserable, 1977"
"Ludwig van Beethoven,  Murray Perahia","II. Adagio cantabile from Piano Sonata No. 8 in C minor, Op. 13 ""Pathetique"" - Instrumental",Unknown
Journey,Don't Stop Believin' - Live Version,Unknown
SMO,Kickin It In Tennessee,Unknown
Sublime,"April 29, 1992 (Miami)","ska, rock, reggae, 90s, alternative"
Static-X,Bled for Days,"industrial metal, metal, industrial, Nu Metal, static-x"
Nobuo Uematsu,Zanarkand,"video game music, Soundtrack, japanese, Soundtracks, video games"
Triumph,Lay It on the Line,"classic rock, rock, hard rock, triumph, Canadian"
Vanessa Carlton,Ordinary Day,"pop, female vocalists, piano, vanessa carlton, rock"
Red Hot Chili Peppers,Mellowship Slinky in B Major,"rock, Funk Rock, alternative rock, funk, Red Hot Chili Peppers"
Bloc Party,This Modern Love,"indie, indie rock, british, alternative, rock"
Tame Impala,It Is Not Meant To Be,"Psychedelic Rock, psychedelic, indie rock, rock, lizvelrene2010"
Kumar Sanu,Ek Sanam Chahiye Aashiqui Ke Liye,Unknown
Taylor Swift,Change,"country, taylor swift, female vocalists, pop, female vocalist"
Blake Shelton,She Wouldn't Be Gone,"country, Blake Shelton, thinking mood, Breakup songs, favorites"
"Nappy Roots,  Anthony Hamilton",Po' Folks (feat. Anthony Hamilton),"00s, 2000s, 2002, danceable beats, acoustic drum samples"
Patrulla 81,Cuando Regreses,"CUANDO REGRESES, patrullia 81, pasito duranguense, duranguense, dance"
The Offspring,It'll Be a Long Time,"punk rock, punk, rock, 90s, alternative"
Steve Erquiaga,The Christmas Song,"christmas, instrumental Christmas, contemporary instrumental christmas, classic, instrumental"
Los Tigres Del Norte,R. Uno,Unknown
Duran Duran,Planet Earth - 2010 Remaster,"new wave, synthpop, new romantic, remaster, Outrun"
Shania Twain,Forever And For Always,"country, pop, Shania Twain, female vocalists, Love"
Megadeth,Countdown To Extinction,"thrash metal, heavy metal, metal, Megadeth, speed metal"
Shinedown,Heroes,"hard rock, alternative rock, rock, post-grunge, shinedown"
Sonora Tropicana,Qué Bello,"cumbia, paco, de amor"
Anthony Hamilton,Can't Let Go,"Neo-Soul, soul, rnb, Anthony Hamilton, chill"
Rodney Atkins,It’s America,Unknown
Jean-Yves Thibaudet,"A Postcard to Henry Purcell - From ""Pride & Prejudice"" Soundtrack",Unknown
"Eminem,  Dr. Dre","Bad Guys Always Die - From ""Wild Wild West"" Soundtrack","hip hop, rap"
Motion City Soundtrack,L.G. FUAD,"emo, pop punk, alternative, Motion City Soundtrack, indie"
Keith Jarrett Trio,Pretty Ballad,jazz
Beach House,Silver Soul,"dream pop, indie pop, indie, Dreamy, female vocalists"
Never Shout Never,Can't Stand It,"indie, acoustic, indie pop, folk rock, cute"
Talking Heads,Psycho Killer - Live,Unknown
"Diana Krall,  Clayton-Hamilton Jazz Orchestra",What Are You Doing New Year's Eve?,"christmas, jazz, christmas jazz, Diana Krall, Christmas tag"
Maná,Ángel De Amor,"latin, Mana, spanish, rock, Rock en Espanol"
Sting,When We Dance,"sting, pop, rock, soft rock, singer-songwriter"
Sade,I Will Be Your Friend,"soul, Smooth Jazz, Sade, jazz, female vocalists"
The Beach Boys,Forever - Remastered 2009,"psychedelic pop, Psychedelic Rock"
"Ray LaMontagne,  The Pariah Dogs",Beg Steal or Borrow (with The Pariah Dogs),Unknown
Billy Idol,Flesh For Fantasy - Remastered,"dance punk, my top songs"
"Rick James,  Smokey Robinson",Ebony Eyes,"80s, soul, Ebony Eyes, klein romantic favourites, klein 80s favourites"
3 Doors Down,Let Me Be Myself,"rock, alternative rock, 3 Doors Down, alternative, melancholy"
Widespread Panic,Up All Night,"Jam Bands, jam band, Southern Rock, Panic, rock"
Banda El Recodo,Te Voy a Olvidar,Unknown
"Snoop Dogg,  R. Kelly",That's That Shit,"rap, Hip-Hop, hip hop, Snoop, west coast"
Billie Holiday,As Time Goes By,"jazz, jazz vocal, jazz vocalists, as time goes by, female vocalists"
"Hunter Hayes,  Jason Mraz",Everybody's Got Somebody but Me (feat. Jason Mraz) - Encore,"modern country, contemporary country"
Grupo Bryndis,Una Aventura Más,Unknown
Mariah Carey,Bye Bye,"Mariah Carey, pop, rnb, female vocalists, r&b"
"Reel 2 Real,  The Mad Stuntman","I Like to Move It (feat. The Mad Stuntman) - Erick ""More"" Club Mix",Unknown
Scotty McCreery,I Love You This Big,"country, idol, 2011, linedance 2011, sexy"
Herbie Hancock,Rockit,"electronic, 80s, jazz, funk, electro"
"Tony Dize,  Plan B",Solos,Unknown
Taylor Swift,Untouchable,"country, taylor swift, female vocalists, pop, Love"
M83,We Own The Sky,"electronic, ambient, shoegaze, electronica, beautiful"
Bowling For Soup,Punk Rock 101,"punk rock, punk, pop punk, rock, Pop-punk"
Taylor Swift,Jump Then Fall,"country, taylor swift, Love, pop, dancing around my room"
Kanye West,Flashing Lights,"Hip-Hop, rap, Kanye West, hip hop, rnb"
The Devil Makes Three,The Plank,"folk, acoustic, sxsw 2009, indie, summer"
"Chamillionaire,  ""Lil Flip""",Turn It Up,"rap, Hip-Hop, Dirty South, alternative, beats"
MIKA,Big Girl (You Are Beautiful),"pop, happy, dance, mika, britpop"
"David Banner,  Akon,  Snoop Dogg,  Lil Wayne",9MM,"remix, rap, Hip-Hop, favorites, Driving"
The Civil Wars,Barton Hollow,"folk, indie, acoustic, gritty folk, singer-songwriter"
"2 Chainz,  Pharrell Williams",Feds Watching,"2chainz fed, Hip-Hop, hip hop, rap, dub"
Artifacts,Wrong Side of da Tracks,"Hip-Hop, graffiti, hip hop, classic, rap"
Deftones,Feiticeira,"alternative metal, Nu Metal, metal, Deftones, rock"
"Pyotr Ilyich Tchaikovsky,  Sir Simon Rattle,  Berliner Philharmoniker","Tchaikovsky: The Nutcracker, Op. 71, Act 1: No. 6, Clara and the Nutcracker",Unknown
Joe Hisaishi,Ashitaka and San,"anime, Soundtrack, Mononoke Hime, Princess Mononoke, instrumental"
Daryl Hall & John Oates,Adult Education,"80s, pop, rock, adult contemporary, male vocalists"
Kenny Wayne Shepherd,True Lies,"blues rock, rock, blues, classic rock, hard rock"
Lucha Villa,Amanecí En Tus Brazos,"female vocalists, mariachi, favorites, latin, rancheras"
Fall Out Boy,Disloyal Order Of Water Buffaloes,"rock, pop punk, Fall Out Boy, punk rock, Awesome"
Slade,Run Runaway,"glam rock, classic rock, rock, 80s, hard rock"
10 Years,Beautiful,"alternative rock, 10 Years, rock, alternative metal, hard rock"
Lionel Richie,All Night Long (All Night),"80s, soul, pop, dance, rnb"
Adele,Right As Rain,"soul, female vocalists, pop, Adele, british"
U2,Even Better Than The Real Thing,"rock, 90s, U2, alternative, irish"
Arctic Monkeys,Piledriver Waltz,"indie rock, british, rock, alternative rock, indie"
T. Rex,Mambo Sun - Remastered,Unknown
Yung Berg,The Business (featuring Casha),Unknown
"Deitrick Haddon,  Ruben Studdard,  Mary Mary",Love Him Like I Do,wjlb-FM
TobyMac,Made To Love,"christian, christian rock, christian hip-hop, tobymac, Christian Rap"
James Taylor,You Can Close Your Eyes - 2019 Remaster,Unknown
"Crosby,  Stills & Nash",Southern Cross,Unknown
"Pyotr Ilyich Tchaikovsky,  ""George Balanchines The Nutcracker"",  David Zinman,  New York City Ballet Orchestra",Act II: Sugarplum Fairy,Unknown
Shinedown,I Dare You,"rock, alternative rock, alternative, hard rock, heard on Pandora"
Trapt,Still Frame,"rock, alternative rock, alternative, hard rock, alternative metal"
Commander Cody and His Lost Planet Airmen,Hot Rod Lincoln,"country, classic rock, 70s, cars, country rock"
Sting,All This Time,"rock, pop, sting, 90s, singer-songwriter"
Culture Club,Miss Me Blind - Remastered 2003,Unknown
Grupo Bryndis,Otro Ocupa Mi Lugar - Poema,Unknown
Chuck Wicks,Stealing Cinderella,"country, modern country, Love, Chuck Wicks, country hits 2008"
John Prine,Paradise,"folk, country, country folk, singer-songwriter, acoustic"
"Lil Wayne,  Babyface",Comfortable,"Hip-Hop, Lil Wayne, hip hop, rap, Babyface"
Montgomery Gentry,One In Every Crowd,"country, montgomery gentry, my favorite, catchy, 2009"
Bob Dylan,Jokerman,"folk, Bob Dylan, classic rock, rock, folk-rock"
"K-Paz De La Sierra,  José Manuel Zamacona",Pero Te Vas A Arrepentir,"k-Paz de la sierra - pero te vas a arrepentir, duranguense, regional mexican, mexico, 4"
311,Sunset in July,"funk, summer, alternative, alternative rock, reggae"
John Mayer,No Such Thing - Demo Version,Unknown
Cody Johnson,The Way She Loves Me,Unknown
Peter Frampton,Do You Feel Like We Do - Live,"classic rock, Majors beloved FM"
Boosie Badazz,Mind of a Maniac,Unknown
Kenny Chesney,Never Wanted Nothing More,"country, Kenny Chesney, never wanted nothing more, Country Favorites, sexy"
Big Sean,Dance (A$$),"Hip-Hop, big sean, dance, rap, hip hop"
Venom,Black Metal,"black metal, thrash metal, heavy metal, metal, old school black metal"
Pantera,Rise,"thrash metal, groove metal, metal, heavy metal, pantera"
Banda El Recodo,La Diferencia,Unknown
September,Cry For You,"dance, pop, electronic, September, House"
Jesse Watson,Chickin Lights And Chrome,Unknown
James Taylor,Fire and Rain,"folk, james taylor, singer-songwriter, 70s, acoustic"
Chris Cornell,"You Know My Name - From ""Casino Royale"" Soundtrack","james bond, 007, Soundtrack, alternative rock, powerful"
平田志穂子,Signs Of Love,"jazz fusion, trip hop, game, vgm, atlus"
"Radha,  Bob Smith",Baa Baa Black Sheep,Unknown
Steve Earle,Satellite Radio,"country, singer-songwriter, Alt-country, Steve Earle, rock"
"David Banner,  Jim Jones,  Yung Joc,  Chris Brown",Stuntin' Is A Habit,Unknown
Chris Young,Neon,"country, modern country, Like, great song, new country"
Joe Hisaishi,Princess Mononoke Theme Song (Vocal),"Soundtrack, 1997"
"Pyotr Ilyich Tchaikovsky,  Sir Simon Rattle,  Berliner Philharmoniker","The Nutcracker - Ballet, Op.71, Act I: No. 9 - Waltz of the Snowflakes",Unknown
Metallica,Eye of the Beholder (Remastered),"metal, Progressive metal"
KISS,I Still Love You,"hard rock, kiss, classic rock, rock, glam rock"
The Art Of Noise,Moments In Love,"electronic, ambient, 80s, chillout, instrumental"
Wolf Parade,I'll Believe in Anything,"indie, indie rock, Canadian, rock, Wolf Parade"
Fred Mollin,Beauty And The Beast,Unknown
Aaron Lewis,Tangled Up In You,"country, alternative, singer-songwriter, possibles"
Badfinger,Come And Get It - Remastered 2010,Unknown
Fleet Foxes,Tiger Mountain Peasant Song,"folk, acoustic, indie, alternative, rock"
Deer Tick,Baltimore Blues No. 1,"folk, singer-songwriter, indie roots, country, Alt-country"
Brook Benton,Rainy Night in Georgia,"soul, 70s, motown, brook benton, rhythm and blues"
Dear and the Headlights,Sweet Talk,"indie, rock band, learn to play, rock band dlc, better than anything you listen to"
Wiz Khalifa,Say Yeah,"wiz khalifa- say yeah, Hip-Hop, Wiz Khalifa, rap, Say Yeah"
Casting Crowns,Away In a Manger,"christmas, jazzysxmas, Awesome, xmas, cool"
Portishead,Only You,"trip-hop, chillout, electronic, female vocalists, trip hop"
Lionel Richie,My Love,"80s, romantic, pop, Love, soul"
"Aqualung,  Lucy Schwartz",Cold,fav
OneRepublic,Come Home,"piano, alternative, alternative rock, OneRepublic, rock"
"brandUn DeShay,  Tyler,  The Creator,  Casey Veggies",Odd Octubree,Unknown
Megadeth,Train Of Consequences - Remastered 2004,thrash metal
"Misfits,  Glenn Danzig",Skulls,"horror punk, punk, punk rock, Misfits, Horrorpunk"
"Michael Bolton,  Kenny G",Missing You Now (feat. Kenny G),"pop, 90s, Ballad, 1991"
Chalie Boy,I Look Good,"rap, chalie boy, hip hop, Club Music, slowjamz"
fun.,The Gambler,"indie, love at first listen, indie rock, indie pop, fun"
The Mountain Goats,Going to Georgia,"indie, folk, lofi, best songs ever, acoustic"
Mariah Carey,The Roof (Back In Time),"rnb, Hip-Hop, downtempo, trip hop, hip hop soul"
Aperture Science Psychoacoustic Laboratories,Want You Gone,"Soundtrack, electronic, portal, comedy, portal 2"
"The Roots,  Musiq Soulchild",Break You Off,"hip hop, Hip-Hop, soul, rap, the roots"
Waylon Jennings,Waymore's Blues,"outlaw country, country, true detective, Soundtrack, my music"
Dance Gavin Dance,Lemon Meringue Tie,"post-hardcore, screamo, experimental, emo, post hardcore"
Twiddle,When It Rains It Poors,Unknown
Chevelle,Well Enough Alone,"alternative rock, alternative metal, rock, hard rock, alternative"
Johnny Hallyday,Laura,"french, francais, pop, rock, johnny hallyday"
Alejandro Sanz,Los dos cogidos de la mano,"pop, singer-songwriter, ale sanz-los dos cogidos de la mano, argentina, latin pop"
Brad Paisley,Letter to Me,"country, brad paisley, letter to me, Mellow, sad"
Josh Groban,O Come All Ye Faithful (with The Mormon Tabernacle Choir under the direction of Craig Jessop),"christmas, cover, traditional, 2000s, classical crossover"
Peter Tosh,Stepping Razor,"reggae, roots reggae, peter tosh, jazzysfunkmotownandmore, reagge"
Traffic,Light Up Or Leave Me Alone,"classic rock, rock, blues rock, traffic, strings organs rubber wind"
Dropkick Murphys,"Johnny, I Hardly Knew Ya","irish, punk, celtic punk, folk punk, punk rock"
Kid Rock,Blue Jeans and a Rosary,"rock, kid rock, Southern Rock, hard rock, blues rock"
Weezer,(If You're Wondering If I Want You To) I Want You To,"alternative rock, rock, pop, happy, power pop"
Rebelution,Courage to Grow,"reggae, cali reggae, chill, reggae chill, rebelution"
Grupo Laberinto,La Coqueta,la coqueta
"Dolly Parton,  Kenny Rogers",With Bells On,Unknown
Amy Grant,O Come All Ye Faithful,"christmas, holiday, xmas, Seasonal, Christmas tag"
Yanni,Until the Last Moment - Live,Unknown
Straight No Chaser,The Christmas Can-Can,"christmas, humor, loved, male vocalists, funny"
The Ides Of March,Vehicle,"70s, classic rock, funk, rock, oldies"
Nirvana,Molly's Lips - BBC John Peel Session 1990,"rock, Grunge, alternative rock, 90s, MySpotigramBot"
"Rich Boy,  André 3000,  Jim Jones,  Nelly,  Murphy Lee,  The Game",Throw Some D's Remix,"Rich Boy, Throw Some Ds, Hip-Hop, Dirty South, hiphop"
Low,Words,"slowcore, indie, melancholy, indie rock, dream pop"
Kenny Chesney,Young,"country, Kenny Chesney, Young, reggae, Beach"
Sea Wolf,You're a Wolf,"indie, Mellow, alternative, indie pop, indie rock"
Three Plus,Honey Baby,"Hawaiian, tropicalgrooves"
Storm Weather Shanty Choir,"Johnny, Come Down to Hilo",Unknown
Red Hot Chili Peppers,Tear,"rock, alternative rock, Funk Rock, Red Hot Chili Peppers, alternative"
Seals and Crofts,We May Never Pass This Way - Again,Unknown
Liberación,Nubes De Algodón,Unknown
Iron Butterfly,In-A-Gadda-Da-Vida - 2006 Remaster Full-Length,"60s, experimental, Experimental Rock, Fusion, jazz fusion"
Mariah Carey,When I Saw You,"pop, r&b, soul, female vocalists, Ballad"
"Giacomo Puccini,  Maria Callas,  Tullio Serafin,  Philharmonia Orchestra","Puccini: Gianni Schicchi, Act 1: ""O mio babbino caro"" (Lauretta)",Unknown
Allman Brothers Band,Little Martha,"Southern Rock, instrumental, classic rock, rock, guitar"
Buzzcocks,What Do I Get? - 2001 Remastered Version,"punk rock, punk, pop punk, proto-pop punk"
"Neil Young,  Crazy Horse",Powderfinger - 2016 Remaster,1970s
Benny Goodman,Chicago,"Big Band, swing, jazz, instrumental, places"
Jay Chou,半島鐵盒,"cpop, taiwan, Jay Chow"
Queen,Fat Bottomed Girls - Single Version,"classic rock, 70s, hard rock, bbw, chubby chaser"
Red Hot Chili Peppers,Cabron,"rock, alternative rock, alternative, funk, Red Hot Chili Peppers"
Burning Spear,Hail H.I.M - 2002 Remastered Version,Unknown
The Beatles,Wild Honey Pie - Remastered 2009,"classic rock, 60s, british, experimental, Experimental Rock"
The Cars,You're All I've Got Tonight,"rock, new wave, 80s, classic rock, The Cars"
Pearl Jam,Deep,"Grunge, rock, alternative rock, 90s, pearl jam"
Pink Floyd,Stop,"Progressive rock, rock, classic rock, Psychedelic Rock, Pink Floyd"
Leon Russell,Tight Rope,"classic rock, rock, 70s, singer-songwriter, classic"
Hanson,Run Rudolph Run,"christmas, pop rock, cover, christmas pop"
Pink Floyd,Outside the Wall,"Progressive rock, rock, classic rock, Psychedelic Rock, Pink Floyd"
The Raincoats,Lola,"cover, post-punk, covers, The Covers Record, female vocalists"
The Beatles,Everybody's Got Something To Hide Except Me And My Monkey - Remastered 2009,"classic rock, rock, hard rock, pop rock, Garage Rock"
The Beatles,Cry Baby Cry - Remastered 2009,"The Beatles, 1968"
Village People,Macho Man,"Disco, 70s, dance, oldies, gay"
Los Bukis,Donde Estas,Unknown
The Beatles,"Long, Long, Long - Remastered 2009","british, The Beatles, 1968, george harrison, psychodelic folk"
The Beatles,Good Night - Remastered 2009,"The Beatles, 1968"
KISS,Shout It Out Loud,"hard rock, classic rock, rock, glam rock, kiss"
Bryan Adams,Back To You - MTV Unplugged Version,Unknown
Avril Lavigne,Unwanted,"rock, pop, pop rock, female vocalists, avril lavigne"
Brad Mehldau,Blackbird,"jazz, piano, cover, jazz piano, beatles cover"
The Delfonics,Hey! Love,"soul, philly soul, rnb, soulful, Pennsylvania"
Anne Clark,Our Darkness,"new wave, 80s, electronic, synth pop, techno"
Kraftwerk,The Robots - 2009 Remaster,"synthpop, minimal synth, Progressive Electronic, spacesynth, modular synth"
Leftover Salmon,Lovin' In My Baby's Eyes,"bluegrass, jam band, Jam, alt-bluegrass, jambands"
Tommy James & The Shondells,Draggin' the Line,"70s, oldies, classic rock, rock, 60s"
The Pogues,A Pair of Brown Eyes,"irish, folk, folk rock, celtic, punk"
The Black Keys,The Lengths,"blues rock, blues, rock, Mellow, Garage Rock"
Commodores,Still,"soul, motown, 70s, romantic, Love"
Breaking Benjamin,Into The Nothing,"alternative rock, rock, hard rock, post-grunge, alternative"
Electric Light Orchestra,Shine a Little Love,"classic rock, 70s, rock, pop, Disco"
平田志穂子,Pursuing My True Self,"Persona 4, game, atlus, Soundtrack, soul"
Janet Jackson,Miss You Much,"pop, 80s, dance, rnb, female vocalists"
Aly & AJ,Rush,"pop, Aly and AJ, Girl Rock, alternative, alternative rock"
Black Sabbath,Changes - 2013 Remaster,Unknown
Clint Black,A Better Man,"country, clint black, A Better Man, favorites, Alt-country"
Smash Mouth,Why Can't We Be Friends,"ska, cover, rock, happy, alternative"
The Clash,Death or Glory - Remastered,"punk, new wave, punk rock"
Joy Division,Day of the Lords - 2007 Remaster,"rock, post-punk, Gothic Rock, ian curtis is sexy, darkwave"
La Makina,Nadie Se Muere,"merengue, dance, latin, spanish, up"
Al Stewart,Time Passages,"70s, soft rock, singer-songwriter, rock, al stewart"
Journey,Feeling That Way,"classic rock, rock, hard rock, 80s, 70s"
The Clash,Rudie Can't Fail - Remastered,Unknown
Tito Rojas,Es Mi Mujer,"salsa, male vocalists, world, latin, other"
John Prine,Fish and Whistle,"folk, country, singer-songwriter, mandolin, rock"
The Modern Lovers,Hospital,"70s, proto-punk, rock, punk, Jonathan Richman"
Motörhead,Born To Raise Hell,"heavy metal, hard rock, metal, rock, Motorhead"
Molly Hatchet,Dreams I'll Never See,"Southern Rock, classic rock, rock, hard rock, 70s"
"Missy Elliott,  Big Boi",All N My Grill (feat. Big Boi of Outkast & Nicole),"Hip-Hop, 90s, 1999, rap, dark"
Breaking Benjamin,Fade Away,"alternative rock, rock, alternative, post-grunge, alternative metal"
Michael Jackson,Girlfriend,"pop, Disco, michael jackson, soul, 70s"
"Hank Williams,  Jr.",All My Rowdy Friends Are Coming Over Tonight,country
Grupo Bryndis,Perdiste Corazón,Unknown
Sonido Mazter,Falsa Traición,Unknown
Thelonious Monk Trio,Blue Monk - Rudy Van Gelder Remaster,Unknown
Diana Ross & The Supremes,Reflections,"motown, soul, 60s, oldies, female vocalists"
Shania Twain,Up! - Red Version,Unknown
"20 Fingers,  Gillette",Short Dick Man - Radio Mix,"dance, 90s, KDWB"
Hoobastank,Running Away,"rock, alternative rock, alternative, hoobastank, punk rock"
David Bowie,Underground,"Soundtrack, 80s, Labyrinth, david bowie, rock"
Jethro Tull,"Ring Out, Solstice Bells - 2003 Remaster",Unknown
Sha Na Na,Tears On My Pillow - From “Grease”,Unknown
"Blood,  Sweat & Tears",You've Made Me So Very Happy,Unknown
Tom Waits,Christmas Card From A Hooker In Minneapolis,"christmas, blues, singer-songwriter, rock, sad"
Jeannie C. Riley,Harper Valley P.T.A.,"country, female vocalists, 60s, oldies, classic country"
Oliver,Good Morning Starshine,"60s, oldies, pop, psychedelic, soundtrackgdchill"
311,I'll Be Here Awhile,"ska, reggae, alternative, rock, alternative rock"
Paul Simon,Under African Skies,"folk, pop, singer-songwriter, world, rock"
The Notorious B.I.G.,You're Nobody (Til Somebody Kills You) - 2014 Remaster,Unknown
The Monkees,As We Go Along,"60s, Morose Deep dilate Crimson, rock, Uplifting, Summery"
Collective Soul,Run,"90s, rock, alternative rock, alternative, Collective Soul"
Sha Na Na,Rock N' Roll Is Here To Stay - From “Grease”,Unknown
Jason Aldean,See You When I See You,"Jason Aldean, country, cntry cool, pop, Like"
Bob Marley & The Wailers,Misty Morning,"reggae, roots reggae, morning, Bob Marley, jamaica"
The Shins,So Says I,"indie, indie rock, alternative, rock, indie pop"
Taj Mahal,"Corinna - From ""The Natch'l Blues""",Unknown
Johnny Cash,"I Still Miss Someone - Live at Folsom State Prison, Folsom, CA (1st Show) - January 1968",Unknown
Tamia,You Put a Move on My Heart,"quiet storm, rnb, ballads, 90s, r&b"
Gorilla Zoe,Baddest Bitch,"hip hop, 2010, hott, Hood, the club"
Dolly Parton,Baby I'm Burnin',"country, Disco, 70s, country pop, disco country"
"The Last Shadow Puppets,  Alex Turner,  Miles Kane",My Mistakes Were Made For You,"indie, british, indie rock, alternative, rock"
Count Basie,Rusty Dusty Blues,"jazz, swing"
"Billie Holiday,  Teddy Wilson",Easy Living (with Teddy Wilson & His Orchestra),jazz
Zizi Possi,Asa Morena,"mpb, brasil, female, jazz, pop"
Del The Funky Homosapien,Corner Story,"Hip-Hop, rap, hip hop, 90s, american"
Switchfoot,Your Love Is a Song,"rock, christian, alternative, christian rock, awesome lyrics"
Chamillionaire,Good Morning,"rap, positive, chamillionaire - good morning, cool, soul"
Bruce Springsteen,Darkness on the Edge of Town,"rock, classic rock, singer-songwriter, 70s, Bruce Springsteen"
"""The J.B.s""",Pass The Peas,Unknown
Heart,Straight On,"classic rock, rock, 70s, female vocalists, heart"
Alison Krauss & Union Station,The Lucky One,"country, bluegrass, Alison Krauss, female vocalists, folk"
The Police,Next To You,"rock, new wave, classic rock, 80s, punk"
Los Extranos,Nadie Como Tu,Unknown
Beto Quintanilla,El Ultimo Contrabando,Unknown
Ricardo Arjona,Realmente No Estoy Tan Solo,"ricardo arjona, spanish, latin, romantico, Rock en Espanol"
Thirty Seconds To Mars,Edge Of The Earth,"alternative rock, rock, 30 seconds to mars, alternative, Progressive rock"
Caetano Veloso,Queixa,"mpb, brasil, brazilian, tropicalia, Bossanova"
Jimi Hendrix,Have You Ever Been (To Electric Ladyland),"rock, classic rock, Psychedelic Rock, blues, psychedelic"
Ramon Ayala Y Sus Bravos Del Norte,Rinconcito En El Cielo,Norteno
"""Guns N Roses""",Hair Of The Dog,Unknown
The Damned,Alone Again Or,"cover, 80s, punk, post-punk, covers"
The Moody Blues,Had To Fall In Love,"70s, Progressive rock, classic rock, soft rock, rock"
"Peggy Lee,  Bob Norberg,  Robert Norberg",Fever - Remastered,Unknown
Jimi Hendrix,Voodoo Chile,"classic rock, blues, rock, guitar, psychedelic"
deadmau5,Strobe,"Progressive House, House, electronic, epic, deadmau5"
Johnny Cash,"Dark as the Dungeon - Live at Folsom State Prison, Folsom, CA - January 1968",Unknown
Red Hot Chili Peppers,Minor Thing,"rock, alternative rock, Funk Rock, alternative, funk"
Denis Leary,Asshole,"comedy, funny, asshole, humor, denis leary"
Los Invasores De Nuevo León,De Vida O Muerte,Unknown
Tom Petty and the Heartbreakers,Listen to Her Heart,"classic rock, rock, tom petty and the heartbreakers, 70s, singer-songwriter"
Ramon Ayala Y Sus Bravos Del Norte,Gerardo Gonzalez,Unknown
Luz Casal,Un año de amor,"female vocalists, Almodovar, spanish, amor, Soundtrack"
The Crickets,Maybe Baby,"50s, oldies, Rock  Roll, Rock and Roll, 1958"
Os Tincoãs,Cordeiro De Nanã,"1977, 1970s"
The Lacs,Country Road,"kid rock, creepy, racism, Creed, nazi"
The Raveonettes,The Christmas Song,"christmas, xmas, rock, indie, alternative"
Anne Murray,Tennessee Waltz,"country, dance, waltz, anne murray waltz, 70s"
"Blood,  Sweat & Tears",Spinning Wheel,Unknown
Slayer,Disciple,"thrash metal, metal, Slayer, heavy metal, speed metal"
Teddy Pendergrass,Close the Door,"soul, sexy, teddy pendergrass, quiet storm, rnb"
Hieroglyphics,Make Your Move,"Hip-Hop, hip hop, storyteller, Hieroglyphics, rap"
DMX,Damien,"rap, dmx, Hip-Hop, hip hop, Gangsta Rap"
Steely Dan,Kid Charlemagne,"classic rock, rock, 70s, Jazz Rock, steely dan"
Neutral Milk Hotel,The Fool,"indie, instrumental, indie rock, alternative, Lo-Fi"
The Police,The Bed's Too Big Without You,"rock, reggae, 80s, new wave, classic rock"
Rupert Holmes,Him,"70s, soft rock, pop, Rupert Holmes, easy listening"
"The Isley Brothers,  Mos Def",Beauty In The Dark (Groove With You) - Mos Def,Unknown
Bobby Womack,Woman's Gotta Have It,"soul, Old School soul, funk, soul and rnb classics, 70s"
Taking Back Sunday,This Photograph Is Proof (I Know You Know),"rock, emo, alternative, taking back sunday, punk rock"
Senses Fail,Bite to Break Skin,"emo, screamo, Senses Fail, post-hardcore, rock"
"Grover Washington,  Jr.",Winelight,"jazz funk, Instrumental Jazz Tag, Smooth Jazz, jazz, chill"
P!nk,I Don't Believe You,"pop, Ballad, female vocalists, sad, emotional"
Cream,Tales Of Brave Ulysses,"classic rock, Psychedelic Rock, rock, blues rock, psychedelic"
"Blancmange,  Dennis Weinrich with John O.Williams",Living On The Ceiling,"80s, new wave, synthpop, pop, synth pop"
Alabama Shakes,I Found You,"soul, blues, rock, fip, rhythm and blues"
Kabah,Vive,"latin pop, dance, KABAH, spanish, latin"
Straylight Run,Existentialism On Prom Night,"emo, indie, piano, alternative, Straylight Run"
Spose,I'm Awesome,"rap, humor, Hip-Hop, funny, catchy"
The Specials,Gangsters - 2015 Remaster,Unknown
Ryan Cabrera,On the Way Down,"pop, rock, pop rock, 00s, acoustic"
The Stone Roses,Mersey Paradise - Remastered,Unknown
Eminem,Rabbit Run,"rap, Hip-Hop, Eminem, Soundtrack, american"
Bruce Springsteen,Sherry Darling,"rock, classic rock, heartland rock, singer-songwriter, 80s"
The Andrews Sisters,Winter Wonderland - Single Version,Unknown
Bob Marley & The Wailers,Real Situation,"reggae, Bob Marley, roots reggae, political reggae, Mellow"
Sade,Tar Baby,"soul, jazz, Sade, 80s, female vocalists"
Ted Nugent,Free-For-All,"hard rock, classic rock, rock, 70s, heavy metal"
The Decemberists,Here I Dreamt I Was an Architect,"indie, indie rock, indie pop, Mellow, alternative"
The Bangles,Hazy Shade of Winter,"80s, cover, pop, female vocalists, rock"
"John Tavener,  The Temple Church Choir,  Stephen Layton",The Lamb,"choral, Classical, contemporary classical, chambers and catacombs, piebald composers"
George Strait,She Let Herself Go,"country, George Strait, She let herself go, Traditional Country, favorite songs"
Drake,The Resistance,"Hip-Hop, Drake, rap, hip hop, 2010"
Beach House,Zebra,"dream pop, indie, indie pop, beautiful, 2010"
Mickey and the Gang,Jingle Bells,Unknown
Keith Urban,You Look Good In My Shirt,"country, Keith Urban, male vocalists, singer-songwriter, You Look Good in My Shirt"
The Black Keys,She's Long Gone,"blues rock, rock, blues, Garage Rock, indie rock"
Sade,War of the Hearts,"soul, jazz, female vocalists, Sade, r&b"
Trapt,Echo,"rock, alternative rock, alternative, trapt, Love"
Tame Impala,Alter Ego,"psychedelic, Psychedelic Rock, rock, indie, electronic"
"""Sniff n The Tears""",Driver's Seat,Unknown
Moby,Extreme Ways,"electronic, Soundtrack, Moby, chillout, electronica"
The Blues Brothers,Gimme Some Lovin',"blues, Soundtrack, rock, blues rock, rhythm and blues"
Jimmy Eat World,Work,"rock, alternative, alternative rock, emo, Jimmy Eat World"
"Everything But The Girl,  Todd Terry",Missing - Todd Terry Remix / Radio Edit,"House, electronic, love at first listen, Chill House"
Xuxa,Ilarié,Unknown
Tim Berg,Seek Bromance (Avicii Vocal Edit),"House, techno, Progressive House, vocal house, tim berg"
of Montreal,Lysergic Bliss,"indie pop, psychedelic, indie, Elephant 6, pop"
Sammy Hagar,Mas Tequila,"Sammy Hagar, rock, classic rock, hard rock, heavy metal"
Los Temerarios,Por Primera Vez,Unknown
The Irish Rovers,Haul Away Joe,Unknown
Ramones,Do You Remember Rock 'n' Roll Radio? - 2002 Remaster,Unknown
Metallica,The Shortest Straw (Remastered),Unknown
deadmau5,Raise Your Weapon,"dubstep, House, electronic, Progressive House, deadmau5"
Third Day,God of Wonders,"christian, worship, christian rock, contemporary christian, third day"
Morrissey,Everyday Is Like Sunday - 2011 Remaster,"80s, indie pop, jangle pop, smoth, i dont like morrissey"
Bob Marley & The Wailers,Zion Train,"reggae, roots reggae, Bob Marley, jamaican, Rasta"
Led Zeppelin,Moby Dick - Intro / Outro Rough Mix,TREMOLO radio
"Mobb Deep,  ""Lil Kim""",Quiet Storm (feat. Lil' Kim) - Remix,Unknown
Juan Gabriel,He Venido a Pedirte Perdón,Unknown
Voces Del Rancho,El Diablo en una Botella,Unknown
The Killers,Change Your Mind,"rock, indie rock, indie, alternative, The Killers"
Daft Punk,Alive,"electronic, House, electronica, dance, Daft Punk"
Cannonball Adderley,"Mercy, Mercy, Mercy","jazz, cannonball adderley, jazz blues, bebop, blues"
"Molemen,  Slug,  Aesop Rock,  MF DOOM",Put Your Quarter Up,"rap, Hip-Hop, hip hop, underground hip-hop, mf doom"
Tavares,Heaven Must Be Missing An Angel - Pt. 1,"Disco, pop, soul, dance, rnb"
Pepper,Stormtrooper,"reggae, chill, ska, Star Wars, chillout"
Bob Seger,The Fire Down Below,"classic rock, rock, Bob Seger, hard rock, seen live"
Tech N9ne,Imma Tell,"rap, Hip-Hop, TechNine, underground hip-hop, Gangsta Rap"
Hunter Foster,Suddenly Seymour,Unknown
"Camille Saint-Saëns,  Christopher van Kampen,  Pascal Rogé,  Cristina Ortiz,  London Sinfonietta,  Charles Dutoit","Le Carnaval des Animaux, R. 125: 13. Le Cygne","Classical, composer, composers"
Ella Fitzgerald,How High The Moon - 1st Take,Unknown
Fleetwood Mac,Black Magic Woman - 2018 Master,Unknown
Luis Miguel,Soy Un Perdedor,Unknown
Martina McBride,In My Daughter's Eyes,"country, female vocalists, Martina McBride, Favourites, personal"
"Ewan McGregor,  Alessandro Safina","Your Song - From ""Moulin Rouge"" Soundtrack",Unknown
The Devil Wears Prada,Dez Moines,"metalcore, hardcore, screamo, Christian Metalcore, death metal"
Bobby Darin,Call Me Irresponsible,"swing, oldies, jazz, male vocalists, crooners"
Exodus,Good Day To Die,"thrash metal, heavy metal, metal, thrash, Bay Area"
The Exies,Ugly,"rock, alternative rock, alternative, indie, post-grunge"
Breaking Benjamin,Hopeless,"alternative rock, rock, alternative, post-grunge, breaking benjamin"
CoCo Lee,Before I Fall in Love,"pop, Ballad, female vocalists, Coco Lee, rnb"
Cartel,Honestly,"pop punk, alternative, rock, cartel, emo"
Elton John,Sorry Seems To Be The Hardest Word,"pop, elton john, classic rock, piano, sad"
Ramones,Pet Sematary,"punk rock, punk, Ramones, rock, 80s"
Thrice,Stare At The Sun,"rock, post-hardcore, emo, thrice, hardcore"
Raffi,Baa Baa Black Sheep,"kids, children, childrens, childrens music, nursery rhymes"
Lou Reed,This Magic Moment,"rock, Soundtrack, cover, lost highway, classic rock"
Antony Santos,Antología De Caricias,Unknown
Todd Rundgren,I Saw the Light,"classic rock, 70s, rock, pop, singer-songwriter"
Christina Aguilera,Impossible,"pop, female vocalists, soul, rnb, Christina Aguilera"
Kesha,Backstabber,"pop, dance, kesha, electropop, female vocalists"
Ricardo Arjona,Ayúdame Freud,Unknown
Cradle Of Filth,Hallowed Be Thy Name,"black metal, cover, Gothic Metal, metal, covers"
Flex,Te Amo Tanto,Unknown
Valentín Elizalde,Y Se Parece A Ti,Unknown
Morten Harket,Can't Take My Eyes off You,"Soundtrack, cover, oldies, Coneheads, Love"
Young Buck,Stomp,"rap, Dirty South, DJ Mix, Playlist, MySpotigramBot"
Flans,Veinte Millas,"pop, spanish, female vocalists, latin pop"
SNAP!,Ooops Up,"eurodance, 90s, dance, House, electronic"
Culture Beat,Got to Get It,"eurodance, dance, 90s, 90s dance, Culture Beat"
The Kiboomers,Little Bunny Foo Foo,Unknown
Helen Shapiro,Walkin' Back to Happiness,"60s, oldies, female vocalists, helen shapiro, pop"
Dru Hill,We're Not Making Love No More,"dru hill, rnb, soul, slow jams, 90s"
"Neil Young,  Crazy Horse",Everybody Knows This Is Nowhere - 2009 Remaster,"60s, singer-songwriter, folk rock, country rock, rustic"
Led Zeppelin,Ramble On - Remaster,classic tracks
UB40,Kingston Town,"reggae, 80s, UB40, pop, chillout"
We Were Promised Jetpacks,Quiet Little Voices,"indie rock, indie, Scottish, post-punk, rock"
Traedonya,Naked Gun,Unknown
Red Hot Chili Peppers,Sir Psycho Sexy,"rock, Funk Rock, funk, alternative rock, Red Hot Chili Peppers"
The Kinks,"Lola - Live at Providence Civic Center, September 1979",Unknown
Led Zeppelin,Whole Lotta Love - Remaster,classic tracks
Led Zeppelin,Heartbreaker - Remaster,classic tracks
Antonio Aguilar,Morenita Labios Rojos,Unknown
Dierks Bentley,Come A Little Closer,"country, dierks bentley, Love, modern country, come a little closer"
Antonio Aguilar,Pero Hombre Amigo (El Chubasco),Unknown
Paul McCartney,Coming Up - Remastered 2011,"Funk Rock, pre-beatles, Paul Mccart, McCartney II (Archive Edition)"
Fleetwood Mac,Gypsy - 2018 Remaster,Unknown
The Black Keys,Next Girl,"blues rock, rock, Garage Rock, blues, indie"
El Tigrillo Palma,Fiesta En La Sierra,"leslie, corridos, regional mexican, narco corridos"
Neil Diamond,"Love On The Rocks - From ""The Jazz Singer"" Soundtrack","Soundtrack, pop, rock, singer-songwriter, Soundtracks"
Stick Figure,Livin' It,"reggae, weed, SSW, amor, marijuana music"
Tom Waits,Jockey Full Of Bourbon,"blues, Tom Waits, singer-songwriter, experimental, rock"
Shania Twain,Love Gets Me Every Time,"country, Shania Twain, pop, 90s, country pop"
Shania Twain,Come On Over,"country, Shania Twain, pop, country pop, female vocalists"
Youngbloodz,85/Billy Dee Interlude,"90s, Hip-Hop, Dirty South, hip hop, rap"
Don Julian & The Larks,I Want You Back - Remastered,Unknown
"Crosby,  Stills & Nash",Wooden Ships - 2005 Remaster,Unknown
B.G.,Bling Bling,"Hip-Hop, whtd-FM, wjlb-FM, Rap and Hip-Hop, Make you happy"
Drake,Sooner Than Later,"rnb, smooth, Drake, Hip-Hop, hip hop"
Moby,Flower (B-Sides),Unknown
Project Pat,Out There,"project pat, Gangsta Rap, southern rap, harder than diamonds, NORF NORF"
Rob Zombie,Pussy Liquor,"metal, industrial metal, rob zombie, Soundtrack, heavy metal"
The Disney Holiday Chorus,Frosty the Snowman,"christmas, Christmas Songs, Christmas 2006"
Bobby Brown,Don't Be Cruel,"new jack swing, 80s, rnb, pop, bobby brown"
King Geedorah,Krazy World,"king geedorah, hip hop, downtempo, mf doom, MySpotigramBot"
The Beatles,Another Girl - Remastered 2009,"rockabilly, country rock"
Ralfi Pagan,Make It With You,"soul, oldies, Old School Slow Jams, my best oldies that i love, Ralfi Pagan Make It With You- the legend lp"
Eminem,Steve Berman - Skit,skits
Journey,Ask the Lonely,"classic rock, rock, 80s, journey, pop"
Tsegue-Maryam Guebrou,"Homesickness, Pt. 2",Unknown
Bruce Springsteen,"Jersey Girl - Live at Meadowlands Arena, E. Rutherford, NJ - July 1981",ArtistToKnow
"Daddy Yankee,  Snoop Dogg",Gangsta Zone,"Reggaeton, hip hop, rap, favorites, Gangsta Rap"
Bobby Bare,500 Miles Away from Home,"country, classic country, country legends, bobby, 500 MILES AWAY FROM HOME"
